[
{
    "model": "admin.logentry",
    "pk": 1,
    "fields": {
        "action_time": "2025-04-20T14:29:53.406Z",
        "user": 1,
        "content_type": 9,
        "object_id": "1",
        "object_repr": "Стрижка под 'Горшок' - 2000₽ (20 мин)",
        "action_flag": 1,
        "change_message": "[{\"added\": {}}]"
    }
},
{
    "model": "admin.logentry",
    "pk": 2,
    "fields": {
        "action_time": "2025-04-20T14:30:17.118Z",
        "user": 1,
        "content_type": 9,
        "object_id": "2",
        "object_repr": "Укладка 'Взрыв на макаронной фабрике' - 3000₽ (30 мин)",
        "action_flag": 1,
        "change_message": "[{\"added\": {}}]"
    }
},
{
    "model": "admin.logentry",
    "pk": 3,
    "fields": {
        "action_time": "2025-04-20T14:30:36.270Z",
        "user": 1,
        "content_type": 9,
        "object_id": "3",
        "object_repr": "Королевское бритье опасной бритвой - 4000₽ (25 мин)",
        "action_flag": 1,
        "change_message": "[{\"added\": {}}]"
    }
},
{
    "model": "admin.logentry",
    "pk": 4,
    "fields": {
        "action_time": "2025-04-20T14:30:42.962Z",
        "user": 1,
        "content_type": 9,
        "object_id": "3",
        "object_repr": "Королевское бритье опасной бритвой - 4000.00₽ (25 мин)",
        "action_flag": 2,
        "change_message": "[]"
    }
},
{
    "model": "admin.logentry",
    "pk": 5,
    "fields": {
        "action_time": "2025-04-20T14:31:01.926Z",
        "user": 1,
        "content_type": 9,
        "object_id": "4",
        "object_repr": "Окрашивание 'Жизнь в розовом цвете' - 5000₽ (50 мин)",
        "action_flag": 1,
        "change_message": "[{\"added\": {}}]"
    }
},
{
    "model": "admin.logentry",
    "pk": 6,
    "fields": {
        "action_time": "2025-04-20T14:31:18.117Z",
        "user": 1,
        "content_type": 9,
        "object_id": "5",
        "object_repr": "Мытье головы 'Душ впечатлений' - 4000₽ (35 мин)",
        "action_flag": 1,
        "change_message": "[{\"added\": {}}]"
    }
},
{
    "model": "admin.logentry",
    "pk": 7,
    "fields": {
        "action_time": "2025-04-20T14:31:31.165Z",
        "user": 1,
        "content_type": 9,
        "object_id": "6",
        "object_repr": "Стрижка бороды 'Боярин' - 4500₽ (48 мин)",
        "action_flag": 1,
        "change_message": "[{\"added\": {}}]"
    }
},
{
    "model": "admin.logentry",
    "pk": 8,
    "fields": {
        "action_time": "2025-04-20T14:31:49.152Z",
        "user": 1,
        "content_type": 9,
        "object_id": "7",
        "object_repr": "Массаж головы 'Озарение' - 500₽ (15 мин)",
        "action_flag": 1,
        "change_message": "[{\"added\": {}}]"
    }
},
{
    "model": "admin.logentry",
    "pk": 9,
    "fields": {
        "action_time": "2025-04-20T14:32:07.045Z",
        "user": 1,
        "content_type": 9,
        "object_id": "8",
        "object_repr": "Укладка 'Ветер в голове' - 3000₽ (15 мин)",
        "action_flag": 1,
        "change_message": "[{\"added\": {}}]"
    }
},
{
    "model": "admin.logentry",
    "pk": 10,
    "fields": {
        "action_time": "2025-04-20T14:32:20.936Z",
        "user": 1,
        "content_type": 9,
        "object_id": "9",
        "object_repr": "Плетение косичек 'Викинг' - 4000₽ (40 мин)",
        "action_flag": 1,
        "change_message": "[{\"added\": {}}]"
    }
},
{
    "model": "admin.logentry",
    "pk": 11,
    "fields": {
        "action_time": "2025-04-20T14:32:34.350Z",
        "user": 1,
        "content_type": 9,
        "object_id": "10",
        "object_repr": "Полировка лысины до блеска - 1000₽ (10 мин)",
        "action_flag": 1,
        "change_message": "[{\"added\": {}}]"
    }
},
{
    "model": "admin.logentry",
    "pk": 12,
    "fields": {
        "action_time": "2025-04-20T14:34:04.884Z",
        "user": 1,
        "content_type": 8,
        "object_id": "1",
        "object_repr": "Эльдар 'Бритва' Рязанов (Стаж: 6 лет)",
        "action_flag": 1,
        "change_message": "[{\"added\": {}}]"
    }
},
{
    "model": "admin.logentry",
    "pk": 13,
    "fields": {
        "action_time": "2025-04-20T14:34:55.261Z",
        "user": 1,
        "content_type": 8,
        "object_id": "2",
        "object_repr": "Зоя 'Ножницы' Космодемьянская (Стаж: 1 лет)",
        "action_flag": 1,
        "change_message": "[{\"added\": {}}]"
    }
},
{
    "model": "admin.logentry",
    "pk": 14,
    "fields": {
        "action_time": "2025-04-20T14:35:48.835Z",
        "user": 1,
        "content_type": 8,
        "object_id": "3",
        "object_repr": "Борис 'Фен' Пастернак (Стаж: 8 лет)",
        "action_flag": 1,
        "change_message": "[{\"added\": {}}]"
    }
},
{
    "model": "admin.logentry",
    "pk": 15,
    "fields": {
        "action_time": "2025-04-20T14:36:35.013Z",
        "user": 1,
        "content_type": 8,
        "object_id": "4",
        "object_repr": "Иннокентий 'Лак' Смоктуновский (Стаж: 6 лет)",
        "action_flag": 1,
        "change_message": "[{\"added\": {}}]"
    }
},
{
    "model": "admin.logentry",
    "pk": 16,
    "fields": {
        "action_time": "2025-04-20T14:37:17.652Z",
        "user": 1,
        "content_type": 8,
        "object_id": "5",
        "object_repr": "Раиса 'Бигуди' Горбачёва (Стаж: 3 лет)",
        "action_flag": 1,
        "change_message": "[{\"added\": {}}]"
    }
},
{
    "model": "admin.logentry",
    "pk": 17,
    "fields": {
        "action_time": "2025-04-20T14:38:32.040Z",
        "user": 1,
        "content_type": 7,
        "object_id": "1",
        "object_repr": "Заказ #1 - Пётр 'Безголовый' Головин (Прошел модерацию)",
        "action_flag": 1,
        "change_message": "[{\"added\": {}}]"
    }
},
{
    "model": "admin.logentry",
    "pk": 18,
    "fields": {
        "action_time": "2025-04-20T14:39:09.947Z",
        "user": 1,
        "content_type": 7,
        "object_id": "2",
        "object_repr": "Заказ #2 - Василий 'Кудрявый' Прямиков (Подтвержден)",
        "action_flag": 1,
        "change_message": "[{\"added\": {}}]"
    }
},
{
    "model": "admin.logentry",
    "pk": 19,
    "fields": {
        "action_time": "2025-04-20T14:39:38.726Z",
        "user": 1,
        "content_type": 7,
        "object_id": "3",
        "object_repr": "Заказ #3 - Афанасий 'Бородач' Бритвенников (В ожидании)",
        "action_flag": 1,
        "change_message": "[{\"added\": {}}]"
    }
},
{
    "model": "admin.logentry",
    "pk": 20,
    "fields": {
        "action_time": "2025-04-26T21:31:01.667Z",
        "user": 1,
        "content_type": 10,
        "object_id": "1",
        "object_repr": "Review object (1)",
        "action_flag": 1,
        "change_message": "[{\"added\": {}}]"
    }
},
{
    "model": "admin.logentry",
    "pk": 21,
    "fields": {
        "action_time": "2025-04-26T21:32:03.657Z",
        "user": 1,
        "content_type": 10,
        "object_id": "2",
        "object_repr": "Review object (2)",
        "action_flag": 1,
        "change_message": "[{\"added\": {}}]"
    }
},
{
    "model": "admin.logentry",
    "pk": 22,
    "fields": {
        "action_time": "2025-04-26T21:32:20.395Z",
        "user": 1,
        "content_type": 10,
        "object_id": "2",
        "object_repr": "Review object (2)",
        "action_flag": 2,
        "change_message": "[{\"changed\": {\"fields\": [\"\\u0418\\u043c\\u044f \\u043a\\u043b\\u0438\\u0435\\u043d\\u0442\\u0430\"]}}]"
    }
},
{
    "model": "admin.logentry",
    "pk": 23,
    "fields": {
        "action_time": "2025-04-26T21:32:49.878Z",
        "user": 1,
        "content_type": 10,
        "object_id": "3",
        "object_repr": "Review object (3)",
        "action_flag": 1,
        "change_message": "[{\"added\": {}}]"
    }
},
{
    "model": "admin.logentry",
    "pk": 24,
    "fields": {
        "action_time": "2025-04-26T21:33:28.507Z",
        "user": 1,
        "content_type": 10,
        "object_id": "4",
        "object_repr": "Review object (4)",
        "action_flag": 1,
        "change_message": "[{\"added\": {}}]"
    }
},
{
    "model": "admin.logentry",
    "pk": 25,
    "fields": {
        "action_time": "2025-04-26T21:34:05.525Z",
        "user": 1,
        "content_type": 10,
        "object_id": "5",
        "object_repr": "Review object (5)",
        "action_flag": 1,
        "change_message": "[{\"added\": {}}]"
    }
},
{
    "model": "admin.logentry",
    "pk": 26,
    "fields": {
        "action_time": "2025-04-26T21:34:50.453Z",
        "user": 1,
        "content_type": 10,
        "object_id": "3",
        "object_repr": "Review object (3)",
        "action_flag": 2,
        "change_message": "[{\"changed\": {\"fields\": [\"\\u0418\\u043c\\u044f \\u043a\\u043b\\u0438\\u0435\\u043d\\u0442\\u0430\"]}}]"
    }
},
{
    "model": "admin.logentry",
    "pk": 27,
    "fields": {
        "action_time": "2025-04-26T22:34:52.181Z",
        "user": 1,
        "content_type": 8,
        "object_id": "3",
        "object_repr": "Борис 'Фен' Пастернак (Стаж: 8 лет)",
        "action_flag": 2,
        "change_message": "[{\"changed\": {\"fields\": [\"\\u0424\\u043e\\u0442\\u043e\\u0433\\u0440\\u0430\\u0444\\u0438\\u044f\"]}}]"
    }
},
{
    "model": "admin.logentry",
    "pk": 28,
    "fields": {
        "action_time": "2025-04-26T22:35:11.388Z",
        "user": 1,
        "content_type": 8,
        "object_id": "2",
        "object_repr": "Зоя 'Ножницы' Космодемьянская (Стаж: 1 лет)",
        "action_flag": 2,
        "change_message": "[{\"changed\": {\"fields\": [\"\\u0424\\u043e\\u0442\\u043e\\u0433\\u0440\\u0430\\u0444\\u0438\\u044f\"]}}]"
    }
},
{
    "model": "admin.logentry",
    "pk": 29,
    "fields": {
        "action_time": "2025-04-26T22:35:15.483Z",
        "user": 1,
        "content_type": 8,
        "object_id": "4",
        "object_repr": "Иннокентий 'Лак' Смоктуновский (Стаж: 6 лет)",
        "action_flag": 2,
        "change_message": "[{\"changed\": {\"fields\": [\"\\u0424\\u043e\\u0442\\u043e\\u0433\\u0440\\u0430\\u0444\\u0438\\u044f\"]}}]"
    }
},
{
    "model": "admin.logentry",
    "pk": 30,
    "fields": {
        "action_time": "2025-04-26T22:35:20.236Z",
        "user": 1,
        "content_type": 8,
        "object_id": "5",
        "object_repr": "Раиса 'Бигуди' Горбачёва (Стаж: 3 лет)",
        "action_flag": 2,
        "change_message": "[{\"changed\": {\"fields\": [\"\\u0424\\u043e\\u0442\\u043e\\u0433\\u0440\\u0430\\u0444\\u0438\\u044f\"]}}]"
    }
},
{
    "model": "admin.logentry",
    "pk": 31,
    "fields": {
        "action_time": "2025-04-26T22:35:24.738Z",
        "user": 1,
        "content_type": 8,
        "object_id": "1",
        "object_repr": "Эльдар 'Бритва' Рязанов (Стаж: 6 лет)",
        "action_flag": 2,
        "change_message": "[{\"changed\": {\"fields\": [\"\\u0424\\u043e\\u0442\\u043e\\u0433\\u0440\\u0430\\u0444\\u0438\\u044f\"]}}]"
    }
},
{
    "model": "admin.logentry",
    "pk": 32,
    "fields": {
        "action_time": "2025-04-26T23:05:14.380Z",
        "user": 1,
        "content_type": 7,
        "object_id": "4",
        "object_repr": "Заказ #4 - Зинаида 'Радуга' Красильникова (Подтвержден)",
        "action_flag": 1,
        "change_message": "[{\"added\": {}}]"
    }
},
{
    "model": "admin.logentry",
    "pk": 33,
    "fields": {
        "action_time": "2025-04-26T23:05:56.456Z",
        "user": 1,
        "content_type": 7,
        "object_id": "5",
        "object_repr": "Заказ #5 - Олег 'Викинг' Рюрикович (В ожидании)",
        "action_flag": 1,
        "change_message": "[{\"added\": {}}]"
    }
},
{
    "model": "admin.logentry",
    "pk": 34,
    "fields": {
        "action_time": "2025-04-26T23:07:07.580Z",
        "user": 1,
        "content_type": 7,
        "object_id": "6",
        "object_repr": "Заказ #6 - Геннадий 'Блестящий' Лысенко (Не подтвержден)",
        "action_flag": 1,
        "change_message": "[{\"added\": {}}]"
    }
},
{
    "model": "admin.logentry",
    "pk": 35,
    "fields": {
        "action_time": "2025-04-26T23:07:35.205Z",
        "user": 1,
        "content_type": 7,
        "object_id": "7",
        "object_repr": "Заказ #7 - Марина 'Рапунцель' Косичкина (Спам)",
        "action_flag": 1,
        "change_message": "[{\"added\": {}}]"
    }
},
{
    "model": "admin.logentry",
    "pk": 36,
    "fields": {
        "action_time": "2025-04-26T23:08:09.938Z",
        "user": 1,
        "content_type": 7,
        "object_id": "8",
        "object_repr": "Заказ #8 - Федор 'Кучерявый' Завитушкин (Спам)",
        "action_flag": 1,
        "change_message": "[{\"added\": {}}]"
    }
},
{
    "model": "admin.logentry",
    "pk": 37,
    "fields": {
        "action_time": "2025-04-26T23:08:50.117Z",
        "user": 1,
        "content_type": 7,
        "object_id": "9",
        "object_repr": "Заказ #9 - Елизавета 'Корона' Царевна (Не подтвержден)",
        "action_flag": 1,
        "change_message": "[{\"added\": {}}]"
    }
},
{
    "model": "admin.logentry",
    "pk": 38,
    "fields": {
        "action_time": "2025-04-26T23:09:48.684Z",
        "user": 1,
        "content_type": 7,
        "object_id": "10",
        "object_repr": "Заказ #10 - Добрыня 'Богатырь' Никитич (Завершен)",
        "action_flag": 1,
        "change_message": "[{\"added\": {}}]"
    }
},
{
    "model": "admin.logentry",
    "pk": 39,
    "fields": {
        "action_time": "2025-04-27T05:00:48.659Z",
        "user": 1,
        "content_type": 7,
        "object_id": "1",
        "object_repr": "Заказ #1 - Пётр 'Безголовый' Головин (Прошел модерацию)",
        "action_flag": 2,
        "change_message": "[{\"changed\": {\"fields\": [\"\\u0423\\u0441\\u043b\\u0443\\u0433\\u0438\"]}}]"
    }
},
{
    "model": "admin.logentry",
    "pk": 40,
    "fields": {
        "action_time": "2025-04-27T05:01:59.970Z",
        "user": 1,
        "content_type": 7,
        "object_id": "2",
        "object_repr": "Заказ #2 - Василий 'Кудрявый' Прямиков (Подтвержден)",
        "action_flag": 2,
        "change_message": "[{\"changed\": {\"fields\": [\"\\u0423\\u0441\\u043b\\u0443\\u0433\\u0438\"]}}]"
    }
},
{
    "model": "admin.logentry",
    "pk": 41,
    "fields": {
        "action_time": "2025-04-27T05:02:11.899Z",
        "user": 1,
        "content_type": 7,
        "object_id": "3",
        "object_repr": "Заказ #3 - Афанасий 'Бородач' Бритвенников (В ожидании)",
        "action_flag": 2,
        "change_message": "[{\"changed\": {\"fields\": [\"\\u0423\\u0441\\u043b\\u0443\\u0433\\u0438\"]}}]"
    }
},
{
    "model": "admin.logentry",
    "pk": 42,
    "fields": {
        "action_time": "2025-04-27T07:38:32.422Z",
        "user": 1,
        "content_type": 7,
        "object_id": "10",
        "object_repr": "Заказ #10 - Добрыня 'Богатырь' Никитич (Завершен)",
        "action_flag": 2,
        "change_message": "[{\"changed\": {\"fields\": [\"\\u041a\\u043e\\u043c\\u043c\\u0435\\u043d\\u0442\\u0430\\u0440\\u0438\\u0439\"]}}]"
    }
},
{
    "model": "admin.logentry",
    "pk": 43,
    "fields": {
        "action_time": "2025-04-27T07:39:15.775Z",
        "user": 1,
        "content_type": 7,
        "object_id": "10",
        "object_repr": "Заказ #10 - Добрыня 'Богатырь' Никитич (Завершен)",
        "action_flag": 2,
        "change_message": "[{\"changed\": {\"fields\": [\"\\u041a\\u043e\\u043c\\u043c\\u0435\\u043d\\u0442\\u0430\\u0440\\u0438\\u0439\"]}}]"
    }
},
{
    "model": "admin.logentry",
    "pk": 44,
    "fields": {
        "action_time": "2025-04-27T07:40:00.150Z",
        "user": 1,
        "content_type": 7,
        "object_id": "10",
        "object_repr": "Заказ #10 - Добрыня 'Богатырь' Никитич (Завершен)",
        "action_flag": 2,
        "change_message": "[{\"changed\": {\"fields\": [\"\\u041a\\u043e\\u043c\\u043c\\u0435\\u043d\\u0442\\u0430\\u0440\\u0438\\u0439\"]}}]"
    }
},
{
    "model": "admin.logentry",
    "pk": 45,
    "fields": {
        "action_time": "2025-04-27T07:40:05.086Z",
        "user": 1,
        "content_type": 7,
        "object_id": "8",
        "object_repr": "Заказ #8 - Федор 'Кучерявый' Завитушкин (Спам)",
        "action_flag": 2,
        "change_message": "[{\"changed\": {\"fields\": [\"\\u041a\\u043e\\u043c\\u043c\\u0435\\u043d\\u0442\\u0430\\u0440\\u0438\\u0439\"]}}]"
    }
},
{
    "model": "admin.logentry",
    "pk": 46,
    "fields": {
        "action_time": "2025-04-27T07:40:10.245Z",
        "user": 1,
        "content_type": 7,
        "object_id": "7",
        "object_repr": "Заказ #7 - Марина 'Рапунцель' Косичкина (Спам)",
        "action_flag": 2,
        "change_message": "[{\"changed\": {\"fields\": [\"\\u041a\\u043e\\u043c\\u043c\\u0435\\u043d\\u0442\\u0430\\u0440\\u0438\\u0439\"]}}]"
    }
},
{
    "model": "admin.logentry",
    "pk": 47,
    "fields": {
        "action_time": "2025-04-27T07:40:14.190Z",
        "user": 1,
        "content_type": 7,
        "object_id": "6",
        "object_repr": "Заказ #6 - Геннадий 'Блестящий' Лысенко (Не подтвержден)",
        "action_flag": 2,
        "change_message": "[{\"changed\": {\"fields\": [\"\\u041a\\u043e\\u043c\\u043c\\u0435\\u043d\\u0442\\u0430\\u0440\\u0438\\u0439\"]}}]"
    }
},
{
    "model": "admin.logentry",
    "pk": 48,
    "fields": {
        "action_time": "2025-04-27T07:40:17.887Z",
        "user": 1,
        "content_type": 7,
        "object_id": "5",
        "object_repr": "Заказ #5 - Олег 'Викинг' Рюрикович (В ожидании)",
        "action_flag": 2,
        "change_message": "[{\"changed\": {\"fields\": [\"\\u041a\\u043e\\u043c\\u043c\\u0435\\u043d\\u0442\\u0430\\u0440\\u0438\\u0439\"]}}]"
    }
},
{
    "model": "admin.logentry",
    "pk": 49,
    "fields": {
        "action_time": "2025-04-27T07:40:20.980Z",
        "user": 1,
        "content_type": 7,
        "object_id": "4",
        "object_repr": "Заказ #4 - Зинаида 'Радуга' Красильникова (Подтвержден)",
        "action_flag": 2,
        "change_message": "[{\"changed\": {\"fields\": [\"\\u041a\\u043e\\u043c\\u043c\\u0435\\u043d\\u0442\\u0430\\u0440\\u0438\\u0439\"]}}]"
    }
},
{
    "model": "admin.logentry",
    "pk": 50,
    "fields": {
        "action_time": "2025-04-27T07:40:24.289Z",
        "user": 1,
        "content_type": 7,
        "object_id": "3",
        "object_repr": "Заказ #3 - Афанасий 'Бородач' Бритвенников (В ожидании)",
        "action_flag": 2,
        "change_message": "[{\"changed\": {\"fields\": [\"\\u041a\\u043e\\u043c\\u043c\\u0435\\u043d\\u0442\\u0430\\u0440\\u0438\\u0439\"]}}]"
    }
},
{
    "model": "admin.logentry",
    "pk": 51,
    "fields": {
        "action_time": "2025-05-09T19:51:38.992Z",
        "user": 1,
        "content_type": 10,
        "object_id": "5",
        "object_repr": "Отзыв #5 - Максимус (3★)",
        "action_flag": 2,
        "change_message": "[{\"changed\": {\"fields\": [\"\\u041e\\u043f\\u0443\\u0431\\u043b\\u0438\\u043a\\u043e\\u0432\\u0430\\u043d\"]}}]"
    }
},
{
    "model": "admin.logentry",
    "pk": 52,
    "fields": {
        "action_time": "2025-05-10T19:06:11.756Z",
        "user": 1,
        "content_type": 10,
        "object_id": "6",
        "object_repr": "Отзыв #6 - asdadas (1★)",
        "action_flag": 2,
        "change_message": "[{\"changed\": {\"fields\": [\"\\u0424\\u043e\\u0442\\u043e\\u0433\\u0440\\u0430\\u0444\\u0438\\u044f\", \"\\u041e\\u043f\\u0443\\u0431\\u043b\\u0438\\u043a\\u043e\\u0432\\u0430\\u043d\"]}}]"
    }
},
{
    "model": "admin.logentry",
    "pk": 53,
    "fields": {
        "action_time": "2025-05-11T12:05:40.837Z",
        "user": 1,
        "content_type": 10,
        "object_id": "5",
        "object_repr": "Отзыв #5 - Максимус (3★)",
        "action_flag": 2,
        "change_message": "[{\"changed\": {\"fields\": [\"\\u041e\\u043f\\u0443\\u0431\\u043b\\u0438\\u043a\\u043e\\u0432\\u0430\\u043d\"]}}]"
    }
},
{
    "model": "admin.logentry",
    "pk": 54,
    "fields": {
        "action_time": "2025-05-11T12:05:40.837Z",
        "user": 1,
        "content_type": 10,
        "object_id": "4",
        "object_repr": "Отзыв #4 - Артем (5★)",
        "action_flag": 2,
        "change_message": "[{\"changed\": {\"fields\": [\"\\u041e\\u043f\\u0443\\u0431\\u043b\\u0438\\u043a\\u043e\\u0432\\u0430\\u043d\"]}}]"
    }
},
{
    "model": "admin.logentry",
    "pk": 55,
    "fields": {
        "action_time": "2025-05-11T12:05:40.837Z",
        "user": 1,
        "content_type": 10,
        "object_id": "3",
        "object_repr": "Отзыв #3 - Артур (4★)",
        "action_flag": 2,
        "change_message": "[{\"changed\": {\"fields\": [\"\\u041e\\u043f\\u0443\\u0431\\u043b\\u0438\\u043a\\u043e\\u0432\\u0430\\u043d\"]}}]"
    }
},
{
    "model": "admin.logentry",
    "pk": 56,
    "fields": {
        "action_time": "2025-05-11T12:05:40.837Z",
        "user": 1,
        "content_type": 10,
        "object_id": "2",
        "object_repr": "Отзыв #2 - Ольга (5★)",
        "action_flag": 2,
        "change_message": "[{\"changed\": {\"fields\": [\"\\u041e\\u043f\\u0443\\u0431\\u043b\\u0438\\u043a\\u043e\\u0432\\u0430\\u043d\"]}}]"
    }
},
{
    "model": "admin.logentry",
    "pk": 57,
    "fields": {
        "action_time": "2025-05-11T12:05:40.837Z",
        "user": 1,
        "content_type": 10,
        "object_id": "1",
        "object_repr": "Отзыв #1 - Алексей (4★)",
        "action_flag": 2,
        "change_message": "[{\"changed\": {\"fields\": [\"\\u041e\\u043f\\u0443\\u0431\\u043b\\u0438\\u043a\\u043e\\u0432\\u0430\\u043d\"]}}]"
    }
},
{
    "model": "admin.logentry",
    "pk": 58,
    "fields": {
        "action_time": "2025-05-11T12:29:19.945Z",
        "user": 1,
        "content_type": 10,
        "object_id": "8",
        "object_repr": "Отзыв #8 - ффв (5★)",
        "action_flag": 2,
        "change_message": "[{\"changed\": {\"fields\": [\"\\u041e\\u0446\\u0435\\u043d\\u043a\\u0430\"]}}]"
    }
},
{
    "model": "admin.logentry",
    "pk": 59,
    "fields": {
        "action_time": "2025-05-11T12:29:24.446Z",
        "user": 1,
        "content_type": 10,
        "object_id": "8",
        "object_repr": "Отзыв #8 - ффв (5★)",
        "action_flag": 2,
        "change_message": "[{\"changed\": {\"fields\": [\"\\u041e\\u043f\\u0443\\u0431\\u043b\\u0438\\u043a\\u043e\\u0432\\u0430\\u043d\"]}}]"
    }
},
{
    "model": "admin.logentry",
    "pk": 60,
    "fields": {
        "action_time": "2025-05-11T12:51:47.793Z",
        "user": 1,
        "content_type": 10,
        "object_id": "9",
        "object_repr": "Отзыв #9 - ййй (2★)",
        "action_flag": 3,
        "change_message": ""
    }
},
{
    "model": "admin.logentry",
    "pk": 61,
    "fields": {
        "action_time": "2025-06-13T17:50:48.964Z",
        "user": 1,
        "content_type": 10,
        "object_id": "11",
        "object_repr": "Отзыв #11 - пппппп (4★)",
        "action_flag": 3,
        "change_message": ""
    }
},
{
    "model": "admin.logentry",
    "pk": 62,
    "fields": {
        "action_time": "2025-06-13T17:50:48.964Z",
        "user": 1,
        "content_type": 10,
        "object_id": "10",
        "object_repr": "Отзыв #10 - ррррр (4★)",
        "action_flag": 3,
        "change_message": ""
    }
},
{
    "model": "admin.logentry",
    "pk": 63,
    "fields": {
        "action_time": "2025-06-13T17:50:48.964Z",
        "user": 1,
        "content_type": 10,
        "object_id": "8",
        "object_repr": "Отзыв #8 - ффв (5★)",
        "action_flag": 3,
        "change_message": ""
    }
},
{
    "model": "admin.logentry",
    "pk": 64,
    "fields": {
        "action_time": "2025-06-13T17:50:48.964Z",
        "user": 1,
        "content_type": 10,
        "object_id": "7",
        "object_repr": "Отзыв #7 - qqqqqq (2★)",
        "action_flag": 3,
        "change_message": ""
    }
},
{
    "model": "admin.logentry",
    "pk": 65,
    "fields": {
        "action_time": "2025-06-13T17:50:48.964Z",
        "user": 1,
        "content_type": 10,
        "object_id": "6",
        "object_repr": "Отзыв #6 - asdadas (1★)",
        "action_flag": 3,
        "change_message": ""
    }
},
{
    "model": "admin.logentry",
    "pk": 66,
    "fields": {
        "action_time": "2025-06-13T17:50:54.485Z",
        "user": 1,
        "content_type": 10,
        "object_id": "5",
        "object_repr": "Отзыв #5 - Максимус (3★)",
        "action_flag": 2,
        "change_message": "[]"
    }
},
{
    "model": "admin.logentry",
    "pk": 67,
    "fields": {
        "action_time": "2025-06-13T17:50:58.794Z",
        "user": 1,
        "content_type": 10,
        "object_id": "4",
        "object_repr": "Отзыв #4 - Артем (5★)",
        "action_flag": 2,
        "change_message": "[]"
    }
},
{
    "model": "admin.logentry",
    "pk": 68,
    "fields": {
        "action_time": "2025-06-13T17:51:08.676Z",
        "user": 1,
        "content_type": 9,
        "object_id": "13",
        "object_repr": "aaa - 231.00",
        "action_flag": 3,
        "change_message": ""
    }
},
{
    "model": "admin.logentry",
    "pk": 69,
    "fields": {
        "action_time": "2025-06-13T17:51:08.676Z",
        "user": 1,
        "content_type": 9,
        "object_id": "12",
        "object_repr": "aaa - 231.00",
        "action_flag": 3,
        "change_message": ""
    }
},
{
    "model": "admin.logentry",
    "pk": 70,
    "fields": {
        "action_time": "2025-06-13T17:51:08.676Z",
        "user": 1,
        "content_type": 9,
        "object_id": "14",
        "object_repr": "asa - 224.00",
        "action_flag": 3,
        "change_message": ""
    }
},
{
    "model": "admin.logentry",
    "pk": 71,
    "fields": {
        "action_time": "2025-06-13T17:51:08.676Z",
        "user": 1,
        "content_type": 9,
        "object_id": "15",
        "object_repr": "йцуйц - 111.00",
        "action_flag": 3,
        "change_message": ""
    }
},
{
    "model": "admin.logentry",
    "pk": 72,
    "fields": {
        "action_time": "2025-06-13T17:51:08.676Z",
        "user": 1,
        "content_type": 9,
        "object_id": "11",
        "object_repr": "фф - 0.02",
        "action_flag": 3,
        "change_message": ""
    }
},
{
    "model": "auth.permission",
    "pk": 1,
    "fields": {
        "name": "Can add log entry",
        "content_type": 1,
        "codename": "add_logentry"
    }
},
{
    "model": "auth.permission",
    "pk": 2,
    "fields": {
        "name": "Can change log entry",
        "content_type": 1,
        "codename": "change_logentry"
    }
},
{
    "model": "auth.permission",
    "pk": 3,
    "fields": {
        "name": "Can delete log entry",
        "content_type": 1,
        "codename": "delete_logentry"
    }
},
{
    "model": "auth.permission",
    "pk": 4,
    "fields": {
        "name": "Can view log entry",
        "content_type": 1,
        "codename": "view_logentry"
    }
},
{
    "model": "auth.permission",
    "pk": 5,
    "fields": {
        "name": "Can add permission",
        "content_type": 2,
        "codename": "add_permission"
    }
},
{
    "model": "auth.permission",
    "pk": 6,
    "fields": {
        "name": "Can change permission",
        "content_type": 2,
        "codename": "change_permission"
    }
},
{
    "model": "auth.permission",
    "pk": 7,
    "fields": {
        "name": "Can delete permission",
        "content_type": 2,
        "codename": "delete_permission"
    }
},
{
    "model": "auth.permission",
    "pk": 8,
    "fields": {
        "name": "Can view permission",
        "content_type": 2,
        "codename": "view_permission"
    }
},
{
    "model": "auth.permission",
    "pk": 9,
    "fields": {
        "name": "Can add group",
        "content_type": 3,
        "codename": "add_group"
    }
},
{
    "model": "auth.permission",
    "pk": 10,
    "fields": {
        "name": "Can change group",
        "content_type": 3,
        "codename": "change_group"
    }
},
{
    "model": "auth.permission",
    "pk": 11,
    "fields": {
        "name": "Can delete group",
        "content_type": 3,
        "codename": "delete_group"
    }
},
{
    "model": "auth.permission",
    "pk": 12,
    "fields": {
        "name": "Can view group",
        "content_type": 3,
        "codename": "view_group"
    }
},
{
    "model": "auth.permission",
    "pk": 13,
    "fields": {
        "name": "Can add user",
        "content_type": 4,
        "codename": "add_user"
    }
},
{
    "model": "auth.permission",
    "pk": 14,
    "fields": {
        "name": "Can change user",
        "content_type": 4,
        "codename": "change_user"
    }
},
{
    "model": "auth.permission",
    "pk": 15,
    "fields": {
        "name": "Can delete user",
        "content_type": 4,
        "codename": "delete_user"
    }
},
{
    "model": "auth.permission",
    "pk": 16,
    "fields": {
        "name": "Can view user",
        "content_type": 4,
        "codename": "view_user"
    }
},
{
    "model": "auth.permission",
    "pk": 17,
    "fields": {
        "name": "Can add content type",
        "content_type": 5,
        "codename": "add_contenttype"
    }
},
{
    "model": "auth.permission",
    "pk": 18,
    "fields": {
        "name": "Can change content type",
        "content_type": 5,
        "codename": "change_contenttype"
    }
},
{
    "model": "auth.permission",
    "pk": 19,
    "fields": {
        "name": "Can delete content type",
        "content_type": 5,
        "codename": "delete_contenttype"
    }
},
{
    "model": "auth.permission",
    "pk": 20,
    "fields": {
        "name": "Can view content type",
        "content_type": 5,
        "codename": "view_contenttype"
    }
},
{
    "model": "auth.permission",
    "pk": 21,
    "fields": {
        "name": "Can add session",
        "content_type": 6,
        "codename": "add_session"
    }
},
{
    "model": "auth.permission",
    "pk": 22,
    "fields": {
        "name": "Can change session",
        "content_type": 6,
        "codename": "change_session"
    }
},
{
    "model": "auth.permission",
    "pk": 23,
    "fields": {
        "name": "Can delete session",
        "content_type": 6,
        "codename": "delete_session"
    }
},
{
    "model": "auth.permission",
    "pk": 24,
    "fields": {
        "name": "Can view session",
        "content_type": 6,
        "codename": "view_session"
    }
},
{
    "model": "auth.permission",
    "pk": 25,
    "fields": {
        "name": "Can add Заказ",
        "content_type": 7,
        "codename": "add_order"
    }
},
{
    "model": "auth.permission",
    "pk": 26,
    "fields": {
        "name": "Can change Заказ",
        "content_type": 7,
        "codename": "change_order"
    }
},
{
    "model": "auth.permission",
    "pk": 27,
    "fields": {
        "name": "Can delete Заказ",
        "content_type": 7,
        "codename": "delete_order"
    }
},
{
    "model": "auth.permission",
    "pk": 28,
    "fields": {
        "name": "Can view Заказ",
        "content_type": 7,
        "codename": "view_order"
    }
},
{
    "model": "auth.permission",
    "pk": 29,
    "fields": {
        "name": "Can add Мастер",
        "content_type": 8,
        "codename": "add_master"
    }
},
{
    "model": "auth.permission",
    "pk": 30,
    "fields": {
        "name": "Can change Мастер",
        "content_type": 8,
        "codename": "change_master"
    }
},
{
    "model": "auth.permission",
    "pk": 31,
    "fields": {
        "name": "Can delete Мастер",
        "content_type": 8,
        "codename": "delete_master"
    }
},
{
    "model": "auth.permission",
    "pk": 32,
    "fields": {
        "name": "Can view Мастер",
        "content_type": 8,
        "codename": "view_master"
    }
},
{
    "model": "auth.permission",
    "pk": 33,
    "fields": {
        "name": "Can add Услуга",
        "content_type": 9,
        "codename": "add_service"
    }
},
{
    "model": "auth.permission",
    "pk": 34,
    "fields": {
        "name": "Can change Услуга",
        "content_type": 9,
        "codename": "change_service"
    }
},
{
    "model": "auth.permission",
    "pk": 35,
    "fields": {
        "name": "Can delete Услуга",
        "content_type": 9,
        "codename": "delete_service"
    }
},
{
    "model": "auth.permission",
    "pk": 36,
    "fields": {
        "name": "Can view Услуга",
        "content_type": 9,
        "codename": "view_service"
    }
},
{
    "model": "auth.permission",
    "pk": 37,
    "fields": {
        "name": "Can add Отзыв",
        "content_type": 10,
        "codename": "add_review"
    }
},
{
    "model": "auth.permission",
    "pk": 38,
    "fields": {
        "name": "Can change Отзыв",
        "content_type": 10,
        "codename": "change_review"
    }
},
{
    "model": "auth.permission",
    "pk": 39,
    "fields": {
        "name": "Can delete Отзыв",
        "content_type": 10,
        "codename": "delete_review"
    }
},
{
    "model": "auth.permission",
    "pk": 40,
    "fields": {
        "name": "Can view Отзыв",
        "content_type": 10,
        "codename": "view_review"
    }
},
{
    "model": "auth.user",
    "pk": 1,
    "fields": {
        "password": "pbkdf2_sha256$870000$uI57vQ5qEiMUHz0JxqnBqr$GqzOQAPcNueQOocS9lbRZ6qwe2hKXwl66C5WEy5oYdQ=",
        "last_login": "2025-06-01T09:22:46.936Z",
        "is_superuser": true,
        "username": "admin",
        "first_name": "",
        "last_name": "",
        "email": "",
        "is_staff": true,
        "is_active": true,
        "date_joined": "2025-04-20T07:32:54.758Z",
        "groups": [],
        "user_permissions": []
    }
},
{
    "model": "contenttypes.contenttype",
    "pk": 1,
    "fields": {
        "app_label": "admin",
        "model": "logentry"
    }
},
{
    "model": "contenttypes.contenttype",
    "pk": 2,
    "fields": {
        "app_label": "auth",
        "model": "permission"
    }
},
{
    "model": "contenttypes.contenttype",
    "pk": 3,
    "fields": {
        "app_label": "auth",
        "model": "group"
    }
},
{
    "model": "contenttypes.contenttype",
    "pk": 4,
    "fields": {
        "app_label": "auth",
        "model": "user"
    }
},
{
    "model": "contenttypes.contenttype",
    "pk": 5,
    "fields": {
        "app_label": "contenttypes",
        "model": "contenttype"
    }
},
{
    "model": "contenttypes.contenttype",
    "pk": 6,
    "fields": {
        "app_label": "sessions",
        "model": "session"
    }
},
{
    "model": "contenttypes.contenttype",
    "pk": 7,
    "fields": {
        "app_label": "core",
        "model": "order"
    }
},
{
    "model": "contenttypes.contenttype",
    "pk": 8,
    "fields": {
        "app_label": "core",
        "model": "master"
    }
},
{
    "model": "contenttypes.contenttype",
    "pk": 9,
    "fields": {
        "app_label": "core",
        "model": "service"
    }
},
{
    "model": "contenttypes.contenttype",
    "pk": 10,
    "fields": {
        "app_label": "core",
        "model": "review"
    }
},
{
    "model": "sessions.session",
    "pk": "ai1bj2er1i5mi11m0g7ot4i4ieog03sj",
    "fields": {
        "session_data": ".eJxVjDsOwjAQBe_iGln-xoaSnjNYu94NDiBbipMKcXcSKQW0b2beWyRYl5LWznOaSFyEFqffDSE_ue6AHlDvTeZWl3lCuSvyoF3eGvHrerh_BwV62WpDiowaBw3BIxHqTKMFioYDsw7Og3ZkQ0R3Bm_R4GaawWkkH0mxEp8v_O84QQ:1u8oHL:s5NQkkiEmpWVzOlwMC30LXNRV-nXs_veNt0CHNXTKQE",
        "expire_date": "2025-05-10T22:45:47.692Z"
    }
},
{
    "model": "sessions.session",
    "pk": "wxsj3jfa3oz0tqdrrk896kuzqtmgyk9m",
    "fields": {
        "session_data": ".eJxVjDsOwjAQBe_iGln-xoaSnjNYu94NDiBbipMKcXcSKQW0b2beWyRYl5LWznOaSFyEFqffDSE_ue6AHlDvTeZWl3lCuSvyoF3eGvHrerh_BwV62WpDiowaBw3BIxHqTKMFioYDsw7Og3ZkQ0R3Bm_R4GaawWkkH0mxEp8v_O84QQ:1uE5Ft:eWDgtB0UYRi-QEEUNktmePrFYTQ2PPW6JuMTgZ81piA",
        "expire_date": "2025-05-25T11:54:05.309Z"
    }
},
{
    "model": "sessions.session",
    "pk": "zpwfxfe5cil6et243zythkvacfjnxh3b",
    "fields": {
        "session_data": ".eJxVjDsOwjAQBe_iGln-xoaSnjNYu94NDiBbipMKcXcSKQW0b2beWyRYl5LWznOaSFyEFqffDSE_ue6AHlDvTeZWl3lCuSvyoF3eGvHrerh_BwV62WpDiowaBw3BIxHqTKMFioYDsw7Og3ZkQ0R3Bm_R4GaawWkkH0mxEp8v_O84QQ:1uLety:nF2WUSN0w8cY2wPczi9JIT-5iwK4-Cd5zInLwl48oSA",
        "expire_date": "2025-06-15T09:22:46.958Z"
    }
},
{
    "model": "core.order",
    "pk": 1,
    "fields": {
        "client_name": "Пётр 'Безголовый' Головин",
        "phone": "+7 999 999 99 99",
        "comment": "На самом деле есть голова",
        "status": "moderated",
        "date_created": "2025-04-20T14:38:32.040Z",
        "date_updated": "2025-04-27T05:00:48.655Z",
        "master": 1,
        "appointment_date": "2025-04-20T14:38:27Z",
        "services": [
            7,
            4,
            10
        ]
    }
},
{
    "model": "core.order",
    "pk": 2,
    "fields": {
        "client_name": "Василий 'Кудрявый' Прямиков",
        "phone": "+7 999 999 99 99",
        "comment": "А будет лысый",
        "status": "approved",
        "date_created": "2025-04-20T14:39:09.947Z",
        "date_updated": "2025-04-27T05:01:59.966Z",
        "master": 2,
        "appointment_date": "2025-04-20T14:39:08Z",
        "services": [
            10,
            6
        ]
    }
},
{
    "model": "core.order",
    "pk": 3,
    "fields": {
        "client_name": "Афанасий 'Бородач' Бритвенников",
        "phone": "+7 999 999 99 99",
        "comment": "Комментарий3",
        "status": "in_awaiting",
        "date_created": "2025-04-20T14:39:38.724Z",
        "date_updated": "2025-04-27T07:40:24.287Z",
        "master": 3,
        "appointment_date": "2025-04-20T14:39:34Z",
        "services": [
            9,
            6
        ]
    }
},
{
    "model": "core.order",
    "pk": 4,
    "fields": {
        "client_name": "Зинаида 'Радуга' Красильникова",
        "phone": "+7 999 999 49 99",
        "comment": "Комментарий4",
        "status": "approved",
        "date_created": "2025-04-26T23:05:14.377Z",
        "date_updated": "2025-04-27T07:40:20.978Z",
        "master": 4,
        "appointment_date": "2025-04-26T23:05:03Z",
        "services": [
            4,
            8
        ]
    }
},
{
    "model": "core.order",
    "pk": 5,
    "fields": {
        "client_name": "Олег 'Викинг' Рюрикович",
        "phone": "+7 999 499 99 99",
        "comment": "Комментарий5",
        "status": "in_awaiting",
        "date_created": "2025-04-26T23:05:56.456Z",
        "date_updated": "2025-04-27T07:40:17.884Z",
        "master": 5,
        "appointment_date": "2025-04-26T23:05:55Z",
        "services": [
            7,
            6
        ]
    }
},
{
    "model": "core.order",
    "pk": 6,
    "fields": {
        "client_name": "Геннадий 'Блестящий' Лысенко",
        "phone": "+7 999 999 99 99",
        "comment": "Комментарий6",
        "status": "not_approved",
        "date_created": "2025-04-26T23:07:07.578Z",
        "date_updated": "2025-04-27T07:40:14.189Z",
        "master": 1,
        "appointment_date": "2025-04-26T23:07:02Z",
        "services": [
            3,
            7
        ]
    }
},
{
    "model": "core.order",
    "pk": 7,
    "fields": {
        "client_name": "Марина 'Рапунцель' Косичкина",
        "phone": "+7 999 999 99 99",
        "comment": "Комментарий7",
        "status": "spam",
        "date_created": "2025-04-26T23:07:35.204Z",
        "date_updated": "2025-04-27T07:40:10.244Z",
        "master": 2,
        "appointment_date": "2025-04-26T23:07:24Z",
        "services": [
            5,
            8
        ]
    }
},
{
    "model": "core.order",
    "pk": 8,
    "fields": {
        "client_name": "Федор 'Кучерявый' Завитушкин",
        "phone": "+7 999 999 99 99",
        "comment": "Комментарий8",
        "status": "spam",
        "date_created": "2025-04-26T23:08:09.935Z",
        "date_updated": "2025-04-27T07:40:05.084Z",
        "master": 3,
        "appointment_date": "2025-04-26T23:08:04Z",
        "services": [
            7,
            5,
            2
        ]
    }
},
{
    "model": "core.order",
    "pk": 9,
    "fields": {
        "client_name": "Елизавета 'Корона' Царевна",
        "phone": "+7 999 999 99 99",
        "comment": "",
        "status": "not_approved",
        "date_created": "2025-04-26T23:08:50.115Z",
        "date_updated": "2025-04-26T23:08:50.115Z",
        "master": 4,
        "appointment_date": null,
        "services": [
            10
        ]
    }
},
{
    "model": "core.order",
    "pk": 10,
    "fields": {
        "client_name": "Добрыня 'Богатырь' Никитич",
        "phone": "+7 999 999 99 99",
        "comment": "Комментарий10",
        "status": "completed",
        "date_created": "2025-04-26T23:09:48.681Z",
        "date_updated": "2025-04-27T07:40:00.147Z",
        "master": 5,
        "appointment_date": "2025-04-26T23:09:46Z",
        "services": [
            7,
            9,
            6
        ]
    }
},
{
    "model": "core.order",
    "pk": 11,
    "fields": {
        "client_name": "ййй",
        "phone": "+7 999 999 49 99",
        "comment": "ййййййййййййй",
        "status": "not_approved",
        "date_created": "2025-05-18T17:30:56.149Z",
        "date_updated": "2025-05-18T17:30:56.149Z",
        "master": 3,
        "appointment_date": "2025-05-30T00:35:00Z",
        "services": [
            9,
            10
        ]
    }
},
{
    "model": "core.order",
    "pk": 12,
    "fields": {
        "client_name": "ййй",
        "phone": "+7 999 999 99 99",
        "comment": "йцйуйцу",
        "status": "not_approved",
        "date_created": "2025-06-01T09:18:42.628Z",
        "date_updated": "2025-06-01T09:18:42.628Z",
        "master": 2,
        "appointment_date": "2025-06-03T14:21:00Z",
        "services": [
            1,
            8
        ]
    }
},
{
    "model": "core.order",
    "pk": 13,
    "fields": {
        "client_name": "Добрыня 'Богатырь' Никитич",
        "phone": "+7 951 750-88-66",
        "comment": "qwreqwrqw",
        "status": "not_approved",
        "date_created": "2025-06-01T09:28:10.965Z",
        "date_updated": "2025-06-01T09:28:10.965Z",
        "master": 3,
        "appointment_date": "2025-06-05T15:32:00Z",
        "services": [
            9,
            1
        ]
    }
},
{
    "model": "core.order",
    "pk": 14,
    "fields": {
        "client_name": "Афанасий 'Бородач' Бритвенников",
        "phone": "+7 951 750-88-66",
        "comment": "qwrqr",
        "status": "not_approved",
        "date_created": "2025-06-01T09:29:34.913Z",
        "date_updated": "2025-06-01T09:29:34.913Z",
        "master": 5,
        "appointment_date": "2025-07-04T15:33:00Z",
        "services": [
            7,
            5
        ]
    }
},
{
    "model": "core.order",
    "pk": 15,
    "fields": {
        "client_name": "asdas",
        "phone": "+7 999 999 49 99",
        "comment": "asdasd",
        "status": "not_approved",
        "date_created": "2025-06-01T09:42:29.323Z",
        "date_updated": "2025-06-01T09:42:29.323Z",
        "master": 1,
        "appointment_date": "2025-06-21T15:45:00Z",
        "services": [
            7,
            5
        ]
    }
},
{
    "model": "core.order",
    "pk": 16,
    "fields": {
        "client_name": "as",
        "phone": "asdsa",
        "comment": "asddsa",
        "status": "not_approved",
        "date_created": "2025-06-01T09:58:35.370Z",
        "date_updated": "2025-06-01T09:58:35.370Z",
        "master": 3,
        "appointment_date": "2025-06-19T16:00:00Z",
        "services": [
            9,
            10
        ]
    }
},
{
    "model": "core.order",
    "pk": 17,
    "fields": {
        "client_name": "sad",
        "phone": "sad",
        "comment": "asdas",
        "status": "not_approved",
        "date_created": "2025-06-01T09:59:36.170Z",
        "date_updated": "2025-06-01T09:59:36.170Z",
        "master": 3,
        "appointment_date": "2025-06-21T16:02:00Z",
        "services": [
            9,
            10
        ]
    }
},
{
    "model": "core.order",
    "pk": 18,
    "fields": {
        "client_name": "aasd",
        "phone": "+7 951 750-88-66",
        "comment": "qwewqewqe",
        "status": "not_approved",
        "date_created": "2025-06-01T10:18:55.422Z",
        "date_updated": "2025-06-01T10:18:55.422Z",
        "master": 4,
        "appointment_date": "2025-06-19T14:21:00Z",
        "services": [
            3,
            10
        ]
    }
},
{
    "model": "core.order",
    "pk": 19,
    "fields": {
        "client_name": "asd",
        "phone": "+7 951 750-88-66",
        "comment": "qweqe",
        "status": "not_approved",
        "date_created": "2025-06-01T10:19:35.786Z",
        "date_updated": "2025-06-01T10:19:35.786Z",
        "master": 2,
        "appointment_date": "2025-06-28T18:22:00Z",
        "services": [
            10,
            6
        ]
    }
},
{
    "model": "core.order",
    "pk": 20,
    "fields": {
        "client_name": "das",
        "phone": "asd",
        "comment": "sadsa",
        "status": "not_approved",
        "date_created": "2025-06-01T10:21:18.443Z",
        "date_updated": "2025-06-01T10:21:18.443Z",
        "master": 5,
        "appointment_date": "2025-07-11T18:24:00Z",
        "services": [
            8,
            2
        ]
    }
},
{
    "model": "core.order",
    "pk": 21,
    "fields": {
        "client_name": "Добрыня 'Богатырь' Никитич",
        "phone": "qweqw",
        "comment": "wqeqwe",
        "status": "not_approved",
        "date_created": "2025-06-01T10:25:47.646Z",
        "date_updated": "2025-06-01T10:25:47.646Z",
        "master": 5,
        "appointment_date": "2025-06-15T16:28:00Z",
        "services": [
            5,
            6
        ]
    }
},
{
    "model": "core.order",
    "pk": 22,
    "fields": {
        "client_name": "adas",
        "phone": "+7 999 999 49 99",
        "comment": "asdasd",
        "status": "not_approved",
        "date_created": "2025-06-01T10:43:34.343Z",
        "date_updated": "2025-06-01T10:43:34.343Z",
        "master": 3,
        "appointment_date": "2025-06-19T16:46:00Z",
        "services": [
            10,
            8
        ]
    }
},
{
    "model": "core.order",
    "pk": 23,
    "fields": {
        "client_name": "фыв",
        "phone": "+7 951 750-88-66",
        "comment": "вйцвцй",
        "status": "not_approved",
        "date_created": "2025-06-01T11:54:10.178Z",
        "date_updated": "2025-06-01T11:54:10.178Z",
        "master": 5,
        "appointment_date": "2025-06-25T17:55:00Z",
        "services": []
    }
},
{
    "model": "core.order",
    "pk": 24,
    "fields": {
        "client_name": "фыв",
        "phone": "+7 951 750-88-66",
        "comment": "вйцвцй",
        "status": "not_approved",
        "date_created": "2025-06-01T11:56:24.181Z",
        "date_updated": "2025-06-01T11:56:24.181Z",
        "master": 5,
        "appointment_date": "2025-06-25T17:55:00Z",
        "services": []
    }
},
{
    "model": "core.order",
    "pk": 25,
    "fields": {
        "client_name": "Добрыня 'Богатырь' Никитич",
        "phone": "+7 951 750-88-66",
        "comment": "wqe",
        "status": "not_approved",
        "date_created": "2025-06-01T11:57:23.397Z",
        "date_updated": "2025-06-01T11:57:23.397Z",
        "master": 3,
        "appointment_date": "2025-06-10T16:01:00Z",
        "services": []
    }
},
{
    "model": "core.order",
    "pk": 26,
    "fields": {
        "client_name": "ййй",
        "phone": "+7 951 750-88-66",
        "comment": "aqaaaaaaa",
        "status": "not_approved",
        "date_created": "2025-06-01T11:58:13.016Z",
        "date_updated": "2025-06-01T11:58:13.016Z",
        "master": 4,
        "appointment_date": "2025-06-28T17:59:00Z",
        "services": []
    }
},
{
    "model": "core.order",
    "pk": 27,
    "fields": {
        "client_name": "qqqqqqqqqq",
        "phone": "+7 951 750-88-66",
        "comment": "wqeqweqweqw",
        "status": "not_approved",
        "date_created": "2025-06-01T11:59:10.478Z",
        "date_updated": "2025-06-01T11:59:10.478Z",
        "master": 4,
        "appointment_date": null,
        "services": [
            4,
            2
        ]
    }
},
{
    "model": "core.master",
    "pk": 1,
    "fields": {
        "name": "Эльдар 'Бритва' Рязанов",
        "photo": "images/masters/BarderSteel_kzK7rfd.jpg",
        "phone": "+7 999 999 99 99",
        "address": "Серые Улицы",
        "email": "El@mail.ru",
        "experience": 6,
        "is_active": true,
        "services": [
            3,
            7,
            5,
            4,
            9
        ]
    }
},
{
    "model": "core.master",
    "pk": 2,
    "fields": {
        "name": "Зоя 'Ножницы' Космодемьянская",
        "photo": "images/masters/BarderSteel_76F2XoD.jpg",
        "phone": "+7 999 999 99 99",
        "address": "Средиземье",
        "email": "Nogg@mail.ru",
        "experience": 1,
        "is_active": true,
        "services": [
            10,
            6,
            1,
            8,
            2
        ]
    }
},
{
    "model": "core.master",
    "pk": 3,
    "fields": {
        "name": "Борис 'Фен' Пастернак",
        "photo": "images/masters/BarderSteel.jpg",
        "phone": "+7 999 999 99 99",
        "address": "Клуб \"Под феном\"",
        "email": "amFEtameN@mai.ru",
        "experience": 8,
        "is_active": true,
        "services": [
            5,
            9,
            10,
            1,
            8
        ]
    }
},
{
    "model": "core.master",
    "pk": 4,
    "fields": {
        "name": "Иннокентий 'Лак' Смоктуновский",
        "photo": "images/masters/BarderSteel_6bmxIjM.jpg",
        "phone": "+7 999 999 99 99",
        "address": "Тесная комната с открытыми банками краски",
        "email": "Lak@mail.ru",
        "experience": 6,
        "is_active": true,
        "services": [
            3,
            7,
            4,
            10,
            1,
            2
        ]
    }
},
{
    "model": "core.master",
    "pk": 5,
    "fields": {
        "name": "Раиса 'Бигуди' Горбачёва",
        "photo": "images/masters/BarderSteel_if3Ela6.jpg",
        "phone": "+7 999 999 99 99",
        "address": "Подвал под жилым домом",
        "email": "BigGrudi@mail.ru",
        "experience": 3,
        "is_active": true,
        "services": [
            7,
            5,
            10,
            6,
            8,
            2
        ]
    }
},
{
    "model": "core.service",
    "pk": 1,
    "fields": {
        "name": "Стрижка под 'Горшок'",
        "description": "Стрижка под 'Горшок'",
        "price": "2000.00",
        "duration": 20,
        "is_popular": false,
        "image": ""
    }
},
{
    "model": "core.service",
    "pk": 2,
    "fields": {
        "name": "Укладка 'Взрыв на макаронной фабрике'",
        "description": "Укладка 'Взрыв на макаронной фабрике'",
        "price": "3000.00",
        "duration": 30,
        "is_popular": true,
        "image": ""
    }
},
{
    "model": "core.service",
    "pk": 3,
    "fields": {
        "name": "Королевское бритье опасной бритвой",
        "description": "Королевское бритье опасной бритвой",
        "price": "4000.00",
        "duration": 25,
        "is_popular": true,
        "image": ""
    }
},
{
    "model": "core.service",
    "pk": 4,
    "fields": {
        "name": "Окрашивание 'Жизнь в розовом цвете'",
        "description": "Окрашивание 'Жизнь в розовом цвете'",
        "price": "5000.00",
        "duration": 50,
        "is_popular": false,
        "image": ""
    }
},
{
    "model": "core.service",
    "pk": 5,
    "fields": {
        "name": "Мытье головы 'Душ впечатлений'",
        "description": "Мытье головы 'Душ впечатлений'",
        "price": "4000.00",
        "duration": 35,
        "is_popular": false,
        "image": ""
    }
},
{
    "model": "core.service",
    "pk": 6,
    "fields": {
        "name": "Стрижка бороды 'Боярин'",
        "description": "Стрижка бороды 'Боярин'",
        "price": "4500.00",
        "duration": 48,
        "is_popular": false,
        "image": ""
    }
},
{
    "model": "core.service",
    "pk": 7,
    "fields": {
        "name": "Массаж головы 'Озарение'",
        "description": "Массаж головы 'Озарение'",
        "price": "500.00",
        "duration": 15,
        "is_popular": false,
        "image": ""
    }
},
{
    "model": "core.service",
    "pk": 8,
    "fields": {
        "name": "Укладка 'Ветер в голове'",
        "description": "Укладка 'Ветер в голове'",
        "price": "3000.00",
        "duration": 15,
        "is_popular": false,
        "image": ""
    }
},
{
    "model": "core.service",
    "pk": 9,
    "fields": {
        "name": "Плетение косичек 'Викинг'",
        "description": "Плетение косичек 'Викинг'",
        "price": "4000.00",
        "duration": 40,
        "is_popular": false,
        "image": ""
    }
},
{
    "model": "core.service",
    "pk": 10,
    "fields": {
        "name": "Полировка лысины до блеска",
        "description": "Полировка лысины до блеска",
        "price": "1000.00",
        "duration": 10,
        "is_popular": true,
        "image": ""
    }
},
{
    "model": "core.review",
    "pk": 1,
    "fields": {
        "text": "Хороший мастер, почти не больно",
        "client_name": "Алексей",
        "master": 3,
        "photo": "",
        "created_at": "2025-04-26T21:31:01.666Z",
        "rating": 4,
        "is_published": true
    }
},
{
    "model": "core.review",
    "pk": 2,
    "fields": {
        "text": "Только начинает работать, а уже настоящий профи. Талант!",
        "client_name": "Ольга",
        "master": 2,
        "photo": "",
        "created_at": "2025-04-26T21:32:03.646Z",
        "rating": 5,
        "is_published": true
    }
},
{
    "model": "core.review",
    "pk": 3,
    "fields": {
        "text": "Быстро и чётко",
        "client_name": "Артур",
        "master": 4,
        "photo": "",
        "created_at": "2025-04-26T21:32:49.871Z",
        "rating": 4,
        "is_published": true
    }
},
{
    "model": "core.review",
    "pk": 4,
    "fields": {
        "text": "Отполировала хорошо. Постригла тоже ничего",
        "client_name": "Артем",
        "master": 5,
        "photo": "",
        "created_at": "2025-04-26T21:33:28.506Z",
        "rating": 5,
        "is_published": true
    }
},
{
    "model": "core.review",
    "pk": 5,
    "fields": {
        "text": "Можно было и лучше",
        "client_name": "Максимус",
        "master": 1,
        "photo": "",
        "created_at": "2025-04-26T21:34:05.523Z",
        "rating": 3,
        "is_published": true
    }
}
]
